{"products":[{"id":"0.18837174803381496","qty":2}],"totalPrice":69.98000000000002}